{
    "LogReg": {
        "confusion_matrix": [
            [
                8,
                382
            ],
            [
                16,
                411
            ]
        ],
        "classification_report": {
            "0": {
                "precision": 0.3333333333333333,
                "recall": 0.020512820512820513,
                "f1-score": 0.03864734299516908,
                "support": 390.0
            },
            "1": {
                "precision": 0.5182849936948297,
                "recall": 0.9625292740046838,
                "f1-score": 0.6737704918032786,
                "support": 427.0
            },
            "accuracy": 0.5128518971848225,
            "macro avg": {
                "precision": 0.4258091635140815,
                "recall": 0.4915210472587522,
                "f1-score": 0.35620891739922383,
                "support": 817.0
            },
            "weighted avg": {
                "precision": 0.42999717540721205,
                "recall": 0.5128518971848225,
                "f1-score": 0.3705905309279265,
                "support": 817.0
            }
        },
        "roc_auc": 0.521083288296403,
        "f2_score": 0.821671331467413,
        "computation_time_sec": 0.08751320838928223,
        "dataset_label": "Cleaned_Features_for_ML_20ANOVA"
    },
    "RandomForest": {
        "confusion_matrix": [
            [
                137,
                253
            ],
            [
                151,
                276
            ]
        ],
        "classification_report": {
            "0": {
                "precision": 0.4756944444444444,
                "recall": 0.35128205128205126,
                "f1-score": 0.40412979351032446,
                "support": 390.0
            },
            "1": {
                "precision": 0.5217391304347826,
                "recall": 0.6463700234192038,
                "f1-score": 0.5774058577405857,
                "support": 427.0
            },
            "accuracy": 0.5055079559363526,
            "macro avg": {
                "precision": 0.4987167874396135,
                "recall": 0.4988260373506275,
                "f1-score": 0.49076782562545507,
                "support": 817.0
            },
            "weighted avg": {
                "precision": 0.4997594149681585,
                "recall": 0.5055079559363526,
                "f1-score": 0.4946914574348307,
                "support": 817.0
            }
        },
        "roc_auc": 0.5002732240437158,
        "f2_score": 0.6168976307554761,
        "computation_time_sec": 4.505801677703857,
        "dataset_label": "Cleaned_Features_for_ML_20ANOVA"
    },
    "ExtraTrees": {
        "confusion_matrix": [
            [
                114,
                276
            ],
            [
                123,
                304
            ]
        ],
        "classification_report": {
            "0": {
                "precision": 0.4810126582278481,
                "recall": 0.2923076923076923,
                "f1-score": 0.36363636363636365,
                "support": 390.0
            },
            "1": {
                "precision": 0.5241379310344828,
                "recall": 0.711943793911007,
                "f1-score": 0.6037735849056604,
                "support": 427.0
            },
            "accuracy": 0.5116279069767442,
            "macro avg": {
                "precision": 0.5025752946311655,
                "recall": 0.5021257431093497,
                "f1-score": 0.483704974271012,
                "support": 817.0
            },
            "weighted avg": {
                "precision": 0.5035518154964319,
                "recall": 0.5116279069767442,
                "f1-score": 0.48914259800844406,
                "support": 817.0
            }
        },
        "roc_auc": 0.4900348285594187,
        "f2_score": 0.6643356643356644,
        "computation_time_sec": 1.6672778129577637,
        "dataset_label": "Cleaned_Features_for_ML_20ANOVA"
    },
    "GradientBoost": {
        "confusion_matrix": [
            [
                73,
                317
            ],
            [
                83,
                344
            ]
        ],
        "classification_report": {
            "0": {
                "precision": 0.46794871794871795,
                "recall": 0.18717948717948718,
                "f1-score": 0.2673992673992674,
                "support": 390.0
            },
            "1": {
                "precision": 0.5204236006051437,
                "recall": 0.8056206088992974,
                "f1-score": 0.6323529411764706,
                "support": 427.0
            },
            "accuracy": 0.5104039167686658,
            "macro avg": {
                "precision": 0.4941861592769308,
                "recall": 0.4964000480393923,
                "f1-score": 0.44987610428786895,
                "support": 817.0
            },
            "weighted avg": {
                "precision": 0.495374391013949,
                "recall": 0.5104039167686658,
                "f1-score": 0.4581400491653209,
                "support": 817.0
            }
        },
        "roc_auc": 0.4985978502371945,
        "f2_score": 0.7260447446179823,
        "computation_time_sec": 2.868852138519287,
        "dataset_label": "Cleaned_Features_for_ML_20ANOVA"
    },
    "AdaBoost": {
        "confusion_matrix": [
            [
                78,
                312
            ],
            [
                92,
                335
            ]
        ],
        "classification_report": {
            "0": {
                "precision": 0.4588235294117647,
                "recall": 0.2,
                "f1-score": 0.2785714285714286,
                "support": 390.0
            },
            "1": {
                "precision": 0.517774343122102,
                "recall": 0.7845433255269321,
                "f1-score": 0.6238361266294227,
                "support": 427.0
            },
            "accuracy": 0.5055079559363526,
            "macro avg": {
                "precision": 0.4882989362669333,
                "recall": 0.492271662763466,
                "f1-score": 0.4512037776004256,
                "support": 817.0
            },
            "weighted avg": {
                "precision": 0.48963380781361787,
                "recall": 0.5055079559363526,
                "f1-score": 0.45902188887836065,
                "support": 817.0
            }
        },
        "roc_auc": 0.5107338017174082,
        "f2_score": 0.7112526539278131,
        "computation_time_sec": 0.40249156951904297,
        "dataset_label": "Cleaned_Features_for_ML_20ANOVA"
    },
    "SVM": {
        "confusion_matrix": [
            [
                81,
                309
            ],
            [
                71,
                356
            ]
        ],
        "classification_report": {
            "0": {
                "precision": 0.5328947368421053,
                "recall": 0.2076923076923077,
                "f1-score": 0.2988929889298893,
                "support": 390.0
            },
            "1": {
                "precision": 0.5353383458646617,
                "recall": 0.8337236533957846,
                "f1-score": 0.652014652014652,
                "support": 427.0
            },
            "accuracy": 0.5348837209302325,
            "macro avg": {
                "precision": 0.5341165413533835,
                "recall": 0.5207079805440461,
                "f1-score": 0.4754538204722707,
                "support": 817.0
            },
            "weighted avg": {
                "precision": 0.5341718739934291,
                "recall": 0.5348837209302325,
                "f1-score": 0.48344984344297826,
                "support": 817.0
            }
        },
        "roc_auc": 0.4587521767849636,
        "f2_score": 0.7501053518752634,
        "computation_time_sec": 3.3947505950927734,