{
    "LR": {
        "confusion_matrix": [
            [
                10,
                380
            ],
            [
                14,
                413
            ]
        ],
        "classification_report": {
            "0": {
                "precision": 0.4166666666666667,
                "recall": 0.02564102564102564,
                "f1-score": 0.04830917874396135,
                "support": 390.0
            },
            "1": {
                "precision": 0.5208070617906684,
                "recall": 0.9672131147540983,
                "f1-score": 0.6770491803278689,
                "support": 427.0
            },
            "accuracy": 0.5177478580171359,
            "macro avg": {
                "precision": 0.46873686422866756,
                "recall": 0.496427070197562,
                "f1-score": 0.3626791795359151,
                "support": 817.0
            },
            "weighted avg": {
                "precision": 0.4710950004707654,
                "recall": 0.5177478580171359,
                "f1-score": 0.37691625423518355,
                "support": 817.0
            }
        },
        "roc_auc": 0.5192397766168257,
        "f2_score": 0.8256697321071571,
        "computation_time_sec": 0.13126611709594727,
        "dataset_label": "APPLE_DIRECTION_8D"
    },
    "KNN": {
        "confusion_matrix": [
            [
                228,
                162
            ],
            [
                257,
                170
            ]
        ],
        "classification_report": {
            "0": {
                "precision": 0.47010309278350515,
                "recall": 0.5846153846153846,
                "f1-score": 0.5211428571428571,
                "support": 390.0
            },
            "1": {
                "precision": 0.5120481927710844,
                "recall": 0.3981264637002342,
                "f1-score": 0.4479578392621871,
                "support": 427.0
            },
            "accuracy": 0.48714810281517745,
            "macro avg": {
                "precision": 0.49107564277729476,
                "recall": 0.4913709241578094,
                "f1-score": 0.4845503482025221,
                "support": 817.0
            },
            "weighted avg": {
                "precision": 0.49202544002303555,
                "recall": 0.48714810281517745,
                "f1-score": 0.4828931599151385,
                "support": 817.0
            }
        },
        "roc_auc": 0.47784483276286555,
        "f2_score": 0.4166666666666667,
        "computation_time_sec": 0.010747432708740234,
        "dataset_label": "APPLE_DIRECTION_8D"
    },
    "CART": {
        "confusion_matrix": [
            [
                188,
                202
            ],
            [
                218,
                209
            ]
        ],
        "classification_report": {
            "0": {
                "precision": 0.4630541871921182,
                "recall": 0.48205128205128206,
                "f1-score": 0.4723618090452261,
                "support": 390.0
            },
            "1": {
                "precision": 0.5085158150851582,
                "recall": 0.4894613583138173,
                "f1-score": 0.4988066825775656,
                "support": 427.0
            },
            "accuracy": 0.48592411260709917,
            "macro avg": {
                "precision": 0.4857850011386382,
                "recall": 0.48575632018254966,
                "f1-score": 0.48558424581139586,
                "support": 817.0
            },
            "weighted avg": {
                "precision": 0.48681442600524927,
                "recall": 0.48592411260709917,
                "f1-score": 0.4861830587371588,
                "support": 817.0
            }
        },
        "roc_auc": 0.4851107908484958,
        "f2_score": 0.4931571495988674,
        "computation_time_sec": 0.04091191291809082,
        "dataset_label": "APPLE_DIRECTION_8D"
    },
    "SVC": {
        "confusion_matrix": [
            [
                0,
                390
            ],
            [
                0,
                427
            ]
        ],
        "classification_report": {
            "0": {
                "precision": 0.0,
                "recall": 0.0,
                "f1-score": 0.0,
                "support": 390.0
            },
            "1": {
                "precision": 0.5226438188494492,
                "recall": 1.0,
                "f1-score": 0.6864951768488746,
                "support": 427.0
            },
            "accuracy": 0.5226438188494492,
            "macro avg": {
                "precision": 0.2613219094247246,
                "recall": 0.5,
                "f1-score": 0.3432475884244373,
                "support": 817.0
            },
            "weighted avg": {
                "precision": 0.2731565613815359,
                "recall": 0.5226438188494492,
                "f1-score": 0.3587924608500238,
                "support": 817.0
            }
        },
        "roc_auc": 0.5183150183150182,
        "f2_score": 0.8455445544554455,
        "computation_time_sec": 2.366060495376587,
        "dataset_label": "APPLE_DIRECTION_8D"
    },
    "MLP": {
        "confusion_matrix": [
            [
                137,
                253
            ],
            [
                150,
                277
            ]
        ],
        "classification_report": {
            "0": {
                "precision": 0.47735191637630664,
                "recall": 0.35128205128205126,
                "f1-score": 0.40472673559822747,
                "support": 390.0
            },
            "1": {
                "precision": 0.5226415094339623,
                "recall": 0.6487119437939111,
                "f1-score": 0.5788923719958202,
                "support": 427.0
            },
            "accuracy": 0.5067319461444308,
            "macro avg": {
                "precision": 0.4999967129051345,
                "recall": 0.49999699753798116,
                "f1-score": 0.49180955379702385,
                "support": 817.0
            },
            "weighted avg": {
                "precision": 0.5010222422460973,
                "recall": 0.5067319461444308,
                "f1-score": 0.49575332891741,
                "support": 817.0
            }
        },
        "roc_auc": 0.48501170960187345,
        "f2_score": 0.6188561215370867,
        "computation_time_sec": 7.647316217422485,
        "dataset_label": "APPLE_DIRECTION_8D"
    },
    "ABR": {
        "confusion_matrix": [
            [
                5,
                385
            ],
            [
                4,
                423
            ]
        ],
        "classification_report": {
            "0": {
                "precision": 0.5555555555555556,
                "recall": 0.01282051282051282,
                "f1-score": 0.02506265664160401,
                "support": 390.0
            },
            "1": {
                "precision": 0.5235148514851485,
                "recall": 0.990632318501171,
                "f1-score": 0.6850202429149798,
                "support": 427.0
            },
            "accuracy": 0.5238678090575275,
            "macro avg": {
                "precision": 0.539535203520352,
                "recall": 0.5017264156608419,
                "f1-score": 0.3550414497782919,
                "support": 817.0
            },
            "weighted avg": {
                "precision": 0.5388096796215729,
                "recall": 0.5238678090575275,
                "f1-score": 0.36998540981018596,
                "support": 817.0
            }
        },
        "roc_auc": 0.5065333573530295,
        "f2_score": 0.8406200317965024,
        "computation_time_sec": 1.9633069038391113,
        "dataset_label": "APPLE_DIRECTION_8D"
    },