{
    "LR": {
        "confusion_matrix": [
            [
                53,
                6
            ],
            [
                11,
                96
            ]
        ],
        "classification_report": {
            "0": {
                "precision": 0.828125,
                "recall": 0.8983050847457628,
                "f1-score": 0.8617886178861789,
                "support": 59.0
            },
            "1": {
                "precision": 0.9411764705882353,
                "recall": 0.897196261682243,
                "f1-score": 0.9186602870813397,
                "support": 107.0
            },
            "accuracy": 0.8975903614457831,
            "macro avg": {
                "precision": 0.8846507352941176,
                "recall": 0.8977506732140028,
                "f1-score": 0.8902244524837593,
                "support": 166.0
            },
            "weighted avg": {
                "precision": 0.9009955262225371,
                "recall": 0.8975903614457831,
                "f1-score": 0.898446862487879,
                "support": 166.0
            }
        },
        "roc_auc": 0.8796134959607159,
        "f2_score": 0.9056603773584906,
        "computation_time_sec": 0.011113166809082031,
        "dataset_label": "APPLE_TREND_8D_ARIMA"
    },
    "KNN": {
        "confusion_matrix": [
            [
                58,
                1
            ],
            [
                106,
                1
            ]
        ],
        "classification_report": {
            "0": {
                "precision": 0.35365853658536583,
                "recall": 0.9830508474576272,
                "f1-score": 0.5201793721973094,
                "support": 59.0
            },
            "1": {
                "precision": 0.5,
                "recall": 0.009345794392523364,
                "f1-score": 0.01834862385321101,
                "support": 107.0
            },
            "accuracy": 0.35542168674698793,
            "macro avg": {
                "precision": 0.4268292682926829,
                "recall": 0.49619832092507526,
                "f1-score": 0.2692639980252602,
                "support": 166.0
            },
            "weighted avg": {
                "precision": 0.44798707023214807,
                "recall": 0.35542168674698793,
                "f1-score": 0.19671015489117366,
                "support": 166.0
            }
        },
        "roc_auc": 0.5119594487565341,
        "f2_score": 0.011627906976744186,
        "computation_time_sec": 0.3626275062561035,
        "dataset_label": "APPLE_TREND_8D_ARIMA"
    },
    "CART": {
        "confusion_matrix": [
            [
                57,
                2
            ],
            [
                106,
                1
            ]
        ],
        "classification_report": {
            "0": {
                "precision": 0.3496932515337423,
                "recall": 0.9661016949152542,
                "f1-score": 0.5135135135135135,
                "support": 59.0
            },
            "1": {
                "precision": 0.3333333333333333,
                "recall": 0.009345794392523364,
                "f1-score": 0.01818181818181818,
                "support": 107.0
            },
            "accuracy": 0.3493975903614458,
            "macro avg": {
                "precision": 0.3415132924335378,
                "recall": 0.4877237446538888,
                "f1-score": 0.26584766584766584,
                "support": 166.0
            },
            "weighted avg": {
                "precision": 0.33914800305516546,
                "recall": 0.3493975903614458,
                "f1-score": 0.19423344483585447,
                "support": 166.0
            }
        },
        "roc_auc": 0.09345794392523361,
        "f2_score": 0.01160092807424594,
        "computation_time_sec": 0.014029502868652344,
        "dataset_label": "APPLE_TREND_8D_ARIMA"
    },
    "SVC": {
        "confusion_matrix": [
            [
                59,
                0
            ],
            [
                107,
                0
            ]
        ],
        "classification_report": {
            "0": {
                "precision": 0.35542168674698793,
                "recall": 1.0,
                "f1-score": 0.5244444444444445,
                "support": 59.0
            },
            "1": {
                "precision": 0.0,
                "recall": 0.0,
                "f1-score": 0.0,
                "support": 107.0
            },
            "accuracy": 0.35542168674698793,
            "macro avg": {
                "precision": 0.17771084337349397,
                "recall": 0.5,
                "f1-score": 0.26222222222222225,
                "support": 166.0
            },
            "weighted avg": {
                "precision": 0.12632457541007402,
                "recall": 0.35542168674698793,
                "f1-score": 0.18639892904953148,
                "support": 166.0
            }
        },
        "roc_auc": 0.8927609694281642,
        "f2_score": 0.0,
        "computation_time_sec": 0.1124274730682373,
        "dataset_label": "APPLE_TREND_8D_ARIMA"
    },
    "MLP": {
        "confusion_matrix": [
            [
                53,
                6
            ],
            [
                59,
                48
            ]
        ],
        "classification_report": {
            "0": {
                "precision": 0.4732142857142857,
                "recall": 0.8983050847457628,
                "f1-score": 0.6198830409356725,
                "support": 59.0
            },
            "1": {
                "precision": 0.8888888888888888,
                "recall": 0.4485981308411215,
                "f1-score": 0.5962732919254659,
                "support": 107.0
            },
            "accuracy": 0.608433734939759,
            "macro avg": {
                "precision": 0.6810515873015872,
                "recall": 0.6734516077934422,
                "f1-score": 0.6080781664305692,
                "support": 166.0
            },
            "weighted avg": {
                "precision": 0.7411491202906865,
                "recall": 0.608433734939759,
                "f1-score": 0.6046647087423465,
                "support": 166.0
            }
        },
        "roc_auc": 0.8027878979882781,
        "f2_score": 0.4979253112033195,
        "computation_time_sec": 0.7155389785766602,
        "dataset_label": "APPLE_TREND_8D_ARIMA"
    },
    "ABR": {
        "confusion_matrix": [
            [
                59,
                0
            ],
            [
                107,
                0
            ]
        ],
        "classification_report": {
            "0": {
                "precision": 0.35542168674698793,
                "recall": 1.0,
                "f1-score": 0.5244444444444445,
                "support": 59.0
            },
            "1": {
                "precision": 0.0,
                "recall": 0.0,
                "f1-score": 0.0,
                "support": 107.0
            },
            "accuracy": 0.35542168674698793,
            "macro avg": {
                "precision": 0.17771084337349397,
                "recall": 0.5,
                "f1-score": 0.26222222222222225,
                "support": 166.0
            },
            "weighted avg": {
                "precision": 0.12632457541007402,
                "recall": 0.35542168674698793,
                "f1-score": 0.18639892904953148,
                "support": 166.0
            }
        },
        "roc_auc": 0.8482496435925867,
        "f2_score": 0.0,
        "computation_time_sec": 1.0619986057281494,
        "dataset_label": "APPLE_TREND_8D_ARIMA"
    },
    "GBR": {
        "confusion_matrix": [
            [
                54,
                5
            ],
            [
                47,
                60
            ]
        ],